"Status","Path"
"OK  200","/api/admin/reports/overview"
"OK  200","/api/admin/reports/enrollment-by-department"
"OK  200","/api/admin/reports/enrollment-by-programme"
"OK  200","/api/admin/reports/enrollment-by-level"
"OK  200","/api/admin/reports/admission-trend?days=365"
"OK  200","/api/admin/reports/applications-by-status"
"OK  200","/api/admin/reports/population-trend?days=365"
"OK  200","/api/admin/reports/payments-by-status"
"OK  200","/api/admin/reports/revenue-trend?days=365"
"OK  200","/api/admin/reports/registrations-by-status"
"OK  200","/api/admin/reports/results-by-status"
"OK  200","/api/admin/students?limit=5"
"OK  200","/api/admin/staff?limit=5"
"OK  200","/api/admin/lecturers"
"OK  200","/api/admin/hods"
"OK  200","/api/admin/user-list?limit=5"
"OK  200","/api/admin/users?limit=5"
"OK  200","/api/admin/schools"
"OK  200","/api/admin/departments"
"OK  200","/api/admin/programmes"
"OK  200","/api/admin/courses?limit=5"
"OK  200","/api/admin/sessions"
"OK  200","/api/admin/allocations"
"OK  200","/api/admin/registrations/with-course?limit=5"
"OK  200","/api/admin/registrations/with-student?limit=5"
"OK  200","/api/admin/results?limit=5"
"OK  200","/api/admin/results/with-student?limit=5"
"OK  200","/api/admin/grade-scales"
"OK  200","/api/admin/fees"
"OK  200","/api/admin/payments?limit=5"
"OK  200","/api/admin/clearances"
"OK  200","/api/admin/announcements"
"OK  200","/api/admin/notifications"
"OK  200","/api/admin/complaints?limit=5"
"OK  200","/api/admin/documents"
"OK  200","/api/admin/graduation"
"OK  200","/api/admin/library/books?limit=5"
"OK  200","/api/admin/library/borrows?limit=5"
"OK  200","/api/admin/library/fines?limit=5"
"OK  200","/api/admin/library/reservations"
"OK  200","/api/admin/timetable"
"OK  200","/api/admin/exams?limit=5"
"OK  200","/api/admin/attendance?limit=5"
"BAD 404","/api/admin/attendance/with-student?limit=5"
"OK  200","/api/admin/audit?limit=5"
"OK  200","/api/admin/login-history?limit=5"
"OK  200","/api/admin/security"
"OK  200","/api/admin/security/summary"
"OK  200","/api/admin/security/sessions"
"OK  200","/api/admin/security/ip-rules"
"OK  200","/api/admin/security/backups"
"OK  200","/api/admin/security/compliance"
"OK  200","/api/admin/security/password-policy"
"OK  200","/api/admin/security/permissions"
"OK  200","/api/admin/security/2fa"
"OK  200","/api/admin/settings"
"OK  200","/api/admin/lookups/schools"
"OK  200","/api/admin/lookups/departments"
"OK  200","/api/admin/lookups/programmes"
"BAD 500","/api/admin/lookups/courses"
"OK  200","/api/admin/lookups/sessions"
"OK  200","/api/admin/lookups/students"
"OK  200","/api/admin/lookups/lecturers"
"OK  200","/api/admin/lookups/books"
"OK  200","/api/admin/lookups/users"
"OK  200","/api/admin/lookups/countries"
